{"weights": [[-0.5603669663436507], [-0.6667344052100452], [0.1299514009801857], [-0.2508235627581343], [0.4492245253846791], [0.13937462897732197], [-0.5838565965165269], [0.027687856465230268], [-0.8626670107276251], [-0.7679678159075888], [-0.082705403528642], [0.8949753595915959], [-0.2030300999969997], [0.3411280353260387], [0.39428726464885533], [0.19256607331844197], [0.8051860594785226], [-0.6287631084354753], [-0.13756824496268796], [0.8479747802095219], [-0.7763985087275292], [-0.16823261822754373], [0.7906859321226705], [-0.3616403879632052], [0.18726285740786716]], "dt": 0.001, "noise_std": 0.0, "name": "unnamed", "class_name": "PassThrough", "bias": [0.0297694149973239], "delay": 0.0}