{"class_name": "RecRateEulerJax", "w_in": [[0.8876239061355591, -0.02913544327020645, 0.7712756395339966, -2.039064407348633, -0.4989490509033203, -0.7270867824554443, -0.26841506361961365, 1.0997505187988281, 1.456017255783081, 0.70003342628479, -0.7989983558654785, 0.8850464224815369, 1.2867770195007324, -0.22149933874607086, 0.9708914160728455, 0.009530480019748211, -0.6593691110610962, 0.7281233072280884, 0.8060982823371887, -0.035577259957790375, -0.06519503146409988, -0.7623715400695801, 1.2266110181808472, -0.02352108620107174, 0.2623066008090973]], "w_recurrent": [[0.4883321523666382, -0.1667162925004959, 0.23305292427539825, -0.13672539591789246, -0.18714618682861328, -0.1551145613193512, 0.10068737715482712, 0.03741458058357239, 0.027486875653266907, -0.16848371922969818, -0.10929000377655029, 0.11626289039850235, 0.14274848997592926, -0.09642846882343292, 0.1975969523191452, 0.009496629238128662, -0.007758708670735359, -0.0877048522233963, 0.11134898662567139, 0.21702130138874054, -0.330251544713974, -0.0529276579618454, 0.003404900897294283, 0.06851433962583542, -0.0018519985023885965], [-0.11763132363557816, 0.10547735542058945, -0.12583206593990326, -0.003420354565605521, 0.08542095869779587, -0.021273575723171234, -0.04625409469008446, -0.02624652348458767, 0.04681205376982689, -0.0012970617972314358, 0.0973518118262291, -0.026374097913503647, -0.018923550844192505, 0.021391503512859344, -0.01441940851509571, -0.11749456077814102, 0.08803590387105942, -0.0006707973079755902, 0.0027656243182718754, -0.16868636012077332, 0.0732392892241478, 0.010477934032678604, 0.0022818006109446287, 0.012187615968286991, -0.04634919762611389], [0.005961916875094175, -0.13026104867458344, 0.20002761483192444, -0.03587678447365761, -0.13931891322135925, 0.0861220508813858, 0.04779352620244026, 0.11656094342470169, -0.030500134453177452, -0.081920325756073, -0.14230680465698242, 0.17772860825061798, 0.052077651023864746, 0.015856361016631126, 0.021350529044866562, 0.19553568959236145, -0.1797870248556137, 0.045889806002378464, -0.0383262075483799, 0.2745468020439148, 0.08281175792217255, -0.005915386602282524, 0.04098683223128319, -0.03243132680654526, -0.030622635036706924], [0.19411680102348328, 0.017894642427563667, -0.06904511153697968, 0.2142944037914276, 0.1897231638431549, -0.0585387647151947, 0.04469001293182373, -0.19034378230571747, -0.01199956052005291, -0.1693977564573288, -0.0900329127907753, -0.029370177537202835, -0.15285639464855194, 0.03322573006153107, 0.13694189488887787, 0.08056146651506424, 0.1176353320479393, -0.05819227173924446, 0.008575547486543655, -0.15457786619663239, -0.05346588417887688, 0.08512028306722641, -0.2890385091304779, 0.05376124754548073, 0.018605772405862808], [0.18876369297504425, 0.06666059792041779, -0.09139186143875122, 0.04952956736087799, 0.1745956838130951, -0.08245248347520828, 0.007472874131053686, -0.16234815120697021, 0.08204969763755798, -0.1264180988073349, -0.08871766924858093, 0.06307341903448105, -0.06542106717824936, 0.014037618413567543, 0.06402779370546341, -0.10970662534236908, 0.05190287157893181, 0.006350905634462833, 0.055101457983255386, -0.30219766497612, 0.004074455238878727, 0.04846036434173584, -0.16124173998832703, 0.09563542902469635, -0.08367619663476944], [-0.09270425140857697, 0.090754933655262, -0.004184169229120016, 0.04444953799247742, 0.04842987284064293, 0.18544258177280426, 0.10648445039987564, 0.02878817915916443, 0.013243062421679497, -0.07977317273616791, -0.016755206510424614, 0.06784845888614655, -0.045803479850292206, 0.10644444078207016, -0.0280133243650198, 0.10853547602891922, 0.014847819693386555, 0.07473497092723846, -0.14564087986946106, -0.007571496535092592, 0.21303923428058624, 0.07982554286718369, -0.1454889327287674, -0.11909477412700653, -0.08805986493825912], [0.011599299497902393, -0.05153756961226463, 0.09288583695888519, 0.030112428590655327, -0.01825433224439621, 0.01393976528197527, 0.046937234699726105, 0.03404776006937027, -0.008277256973087788, -0.15492720901966095, -0.045881547033786774, 0.17314791679382324, -0.006936000194400549, 0.035313867032527924, 0.047047071158885956, 0.13104501366615295, -0.048535771667957306, 0.002167734317481518, -0.062401000410318375, 0.09467300027608871, -0.004280404187738895, 0.009944004938006401, -0.07771578431129456, -0.011578742414712906, -0.0977490097284317], [-0.306866317987442, 0.023383360356092453, 0.061969928443431854, -0.09056752920150757, -0.12041237205266953, 0.06393235176801682, 0.012962918728590012, 0.18659155070781708, 0.023862969130277634, 0.09040207415819168, 0.046865060925483704, 0.05847671627998352, 0.06819469481706619, 0.0030934480018913746, -0.10104044526815414, 0.07979191094636917, -0.10564224421977997, 0.051963724195957184, 0.017522204667329788, 0.16060686111450195, 0.16313017904758453, -0.017018398270010948, 0.16208115220069885, 0.004187462385743856, -0.08601443469524384], [0.09243156760931015, -0.022187283262610435, 0.052073732018470764, -0.14163123071193695, -0.041447218507528305, -0.07568666338920593, 0.09917066991329193, 0.06218237057328224, 0.21142998337745667, -0.010752027854323387, -0.09327983111143112, 0.1053960844874382, 0.11020755022764206, -0.0160098634660244, -0.020290132611989975, 0.009319687262177467, -0.14113999903202057, 0.04835253581404686, -0.039516907185316086, -0.07083305716514587, -0.02484588511288166, -0.052516013383865356, 0.05070029944181442, 0.00023284248891286552, -0.15501858294010162], [0.09988211840391159, -0.1213192492723465, 0.0333501398563385, -0.033618271350860596, -0.14156946539878845, 0.07252484560012817, -0.026336347684264183, -0.015307645313441753, -0.07051296532154083, 0.39102986454963684, -0.07541889697313309, -0.2923206090927124, 0.02973095327615738, 0.04383128881454468, -0.12120678275823593, -0.22648803889751434, -0.02875610440969467, 0.011285901069641113, -0.05644266679883003, 0.17442721128463745, -0.032524224370718, -0.019408006221055984, 0.12150364369153976, -0.08124192804098129, 0.2743735611438751], [-0.21231696009635925, 0.1551228016614914, -0.17372813820838928, -0.04370510205626488, 0.06235327199101448, -0.04004325345158577, -0.13814465701580048, 0.026220668107271194, -0.02765057608485222, 0.035040173679590225, 0.22860698401927948, -0.09347153455018997, 0.011037799529731274, -0.017575852572917938, -0.03562365099787712, -0.2861163020133972, 0.19086727499961853, -0.062076982110738754, 0.08451899886131287, -0.13496698439121246, -0.012630544602870941, -0.04604096710681915, 0.09500906616449356, -0.0037736832164227962, -0.023747427389025688], [-0.09513295441865921, -0.007855965755879879, 0.08915810286998749, -0.14795365929603577, 0.027374647557735443, -0.040666211396455765, 0.09903053194284439, 0.14155367016792297, 0.1760314404964447, -0.25396299362182617, -0.0005754950689151883, 0.3597124516963959, 0.09811288863420486, 9.641211363486946e-05, 0.08567042648792267, 0.07662023603916168, -0.08460593968629837, 0.0498867966234684, -0.04482588917016983, -0.0378132164478302, 0.05016578361392021, -0.0347432866692543, 0.04572982341051102, 0.03912781924009323, -0.3502003252506256], [-0.13898754119873047, -0.035316336899995804, 0.05367058143019676, -0.14671477675437927, -0.12066465616226196, 0.050830379128456116, -0.004224578384310007, 0.13363778591156006, 0.03702680021524429, 0.1079525351524353, 0.031587257981300354, 0.032616496086120605, 0.11202377825975418, -0.04378281161189079, -0.09596534818410873, -0.05501248314976692, -0.08854145556688309, 0.0360112264752388, 0.0020988592877984047, 0.10610274225473404, 0.06084216386079788, -0.05389172211289406, 0.1754107028245926, -0.06401223689317703, -0.04206063598394394], [0.0387442447245121, -0.02421695739030838, 0.04914551228284836, 0.058453287929296494, 0.027026427909731865, 0.03685442730784416, 0.05861091613769531, -0.024997560307383537, 0.008902383968234062, -0.04755062982439995, -0.08158567547798157, 0.04787789285182953, -0.03643890470266342, 0.05590026453137398, 0.03124137595295906, 0.10838901996612549, 