{"weights": [[-0.36007755173182754], [-0.4199509792599632], [0.0693851803845463], [0.16216884017146013], [-0.3250723685937861], [-0.3534024806307612], [-0.536136206071507], [0.032799771063584705], [-0.682810864599845], [-0.894231730663104], [-0.18960370497488252], [0.6987951995898651], [-0.1741116057616964], [-0.02978412527004882], [0.2576371484479848], [0.2727011284756243], [1.0851323168634333], [-0.4598650630662257], [-0.21688037829195347], [0.6278982188610345], [-0.11625870349476103], [-0.2602487572007476], [0.6725434849191106], [-0.5411671083053411], [0.2049073642069681]], "dt": 0.001, "noise_std": 0.0, "name": "unnamed", "class_name": "PassThrough", "bias": [0.012331983245190003], "delay": 0.0}